{"cameraMode":{"drawMode":0,"name":"Shaded","section":"Shading Mode"},"sceneLighting":true,"audioPlay":false,"sceneViewState":{"m_AlwaysRefresh":false,"showFog":true,"showSkybox":true,"showFlares":true,"showImageEffects":true,"showParticleSystems":true,"showVisualEffectGraphs":true,"m_FxEnabled":true},"in2DMode":false,"pivot":{"x":15.940715789794922,"y":-38.77305603027344,"z":69.18399810791016},"rotation":{"x":-0.008140934631228447,"y":0.8146238923072815,"z":0.5798514485359192,"w":0.011527632363140583},"size":240.3554229736328,"orthographic":true}